<?xml version="1.0" encoding="UTF-8"?>
<GenRun Id="prgROM_synth_1" LaunchPart="xc7vx485tffg1157-1" LaunchTime="1624417333">
  <File Type="PA-TCL" Name="prgROM.tcl"/>
  <File Type="REPORTS-TCL" Name="prgROM_reports.tcl"/>
  <File Type="RDS-RDS" Name="prgROM.vds"/>
  <File Type="RDS-DCP" Name="prgROM.dcp"/>
  <FileSet Name="sources" Type="BlockSrcs" RelSrcDir="$PSRCDIR/prgROM">
    <File Path="$PSRCDIR/sources_1/ip/prgROM/prgROM.xci">
      <FileInfo>
        <Attr Name="UsedIn" Val="synthesis"/>
        <Attr Name="UsedIn" Val="implementation"/>
        <Attr Name="UsedIn" Val="simulation"/>
      </FileInfo>
    </File>
    <Config>
      <Option Name="TopModule" Val="prgROM"/>
      <Option Name="UseBlackboxStub" Val="1"/>
    </Config>
  </FileSet>
  <FileSet Name="constrs_in" Type="BlockSrcs" RelSrcDir="$PSRCDIR/prgROM">
    <File Path="$PSRCDIR/sources_1/ip/prgROM/prgROM.xci">
      <FileInfo>
        <Attr Name="UsedIn" Val="synthesis"/>
        <Attr Name="UsedIn" Val="implementation"/>
        <Attr Name="UsedIn" Val="simulation"/>
      </FileInfo>
    </File>
    <Config>
      <Option Name="TopModule" Val="prgROM"/>
      <Option Name="UseBlackboxStub" Val="1"/>
    </Config>
  </FileSet>
  <FileSet Name="utils" Type="Utils" RelSrcDir="$PSRCDIR/utils_1">
    <Filter Type="Utils"/>
    <Config>
      <Option Name="TopAutoSet" Val="TRUE"/>
    </Config>
  </FileSet>
  <Strategy Version="1" Minor="2">
    <StratHandle Name="Vivado Synthesis Defaults" Flow="Vivado Synthesis 2018"/>
    <Step Id="synth_design"/>
  </Strategy>
</GenRun>
